True,Predicted,Count,Percentage
soto,bakso,52,7.192254495159059
pempek,bakso,45,8.108108108108109
gudeg,bebek_betutu,45,8.823529411764707
soto,rawon,41,5.670816044260028
gudeg,rendang,41,8.03921568627451
gudeg,rawon,38,7.450980392156863
bakso,soto,37,8.185840707964601
nasi_goreng,bebek_betutu,36,6.293706293706294
bebek_betutu,rendang,30,5.825242718446602
rendang,rawon,29,8.55457227138643
