{
    "accuracy": [
        0.2695964574813843,
        0.41791674494743347,
        0.4793999493122101,
        0.518698513507843,
        0.5419395565986633,
        0.5525037050247192,
        0.5689837336540222,
        0.5839847922325134,
        0.5778576135635376,
        0.5966617465019226,
        0.6000422835350037,
        0.6017324924468994,
        0.622226893901825,
        0.624339759349823,
        0.6296218037605286,
        0.6230720281600952,
        0.6344813108444214,
        0.6490597724914551,
        0.6429325938224792,
        0.6361715793609619,
        0.6480033993721008
    ],
    "loss": [
        2.3309054374694824,
        1.7785142660140991,
        1.578704833984375,
        1.4845266342163086,
        1.3985536098480225,
        1.3393514156341553,
        1.303157925605774,
        1.2597037553787231,
        1.269599199295044,
        1.2247084379196167,
        1.202750325202942,
        1.188433289527893,
        1.1302082538604736,
        1.1394776105880737,
        1.1336731910705566,
        1.1203488111495972,
        1.1159210205078125,
        1.0565598011016846,
        1.0618959665298462,
        1.0754854679107666,
        1.0550408363342285
    ],
    "val_accuracy": [
        0.5604770183563232,
        0.6073253750801086,
        0.6524701714515686,
        0.6763202548027039,
        0.6882452964782715,
        0.7180579304695129,
        0.7308347821235657,
        0.7206133008003235,
        0.7444633841514587,
        0.7470187544822693,
        0.723168671131134,
        0.7402044534683228,
        0.7478705048561096,
        0.7172061204910278,
        0.7367972731590271,
        0.7529812455177307,
        0.731686532497406,
        0.7470187544822693,
        0.7436115741729736,
        0.7563884258270264,
        0.7376490831375122
    ],
    "val_loss": [
        1.5106496810913086,
        1.2503379583358765,
        1.0841064453125,
        1.023046851158142,
        0.9878438115119934,
        0.9364176988601685,
        0.9130374789237976,
        0.9029908180236816,
        0.8574013113975525,
        0.8322963714599609,
        0.8907278180122375,
        0.8135846257209778,
        0.8365832567214966,
        0.8683279752731323,
        0.846757173538208,
        0.8088262677192688,
        0.8622302412986755,
        0.8136277198791504,
        0.8301723599433899,
        0.811959445476532,
        0.8418950438499451
    ]
}