{
    "accuracy": [
        0.08768223226070404,
        0.11219099909067154,
        0.1111345887184143,
        0.10120431333780289,
        0.11578280478715897,
        0.10226072371006012,
        0.10669765621423721,
        0.10690893977880478,
        0.10331713408231735,
        0.11071202158927917,
        0.1111345887184143,
        0.10289456695318222,
        0.11895203590393066,
        0.11261356621980667,
        0.10310585051774979,
        0.10669765621423721,
        0.10648637264966965,
        0.10965561121702194,
        0.10289456695318222,
        0.11197971552610397,
        0.08683709800243378,
        0.09782379120588303,
        0.09888020157814026,
        0.10057046264410019,
        0.10120431333780289
    ],
    "val_accuracy": [
        0.12265758216381073,
        0.12265758216381073,
        0.12265758216381073,
        0.12265758216381073,
        0.12265758216381073,
        0.12265758216381073,
        0.12265758216381073,
        0.12265758216381073,
        0.12265758216381073,
        0.12265758216381073,
        0.12265758216381073,
        0.12265758216381073,
        0.12265758216381073,
        0.12265758216381073,
        0.12265758216381073,
        0.12265758216381073,
        0.12265758216381073,
        0.12265758216381073,
        0.12265758216381073,
        0.12265758216381073,
        0.12265758216381073,
        0.12265758216381073,
        0.12265758216381073,
        0.12265758216381073,
        0.12265758216381073
    ],
    "loss": [
        2.813096523284912,
        2.7312819957733154,
        2.7137105464935303,
        2.7107341289520264,
        2.7118465900421143,
        2.715526580810547,
        2.704379081726074,
        2.7020516395568848,
        2.7072508335113525,
        2.702333927154541,
        2.702298402786255,
        2.69929575920105,
        2.6996734142303467,
        2.699754238128662,
        2.6993985176086426,
        2.696037530899048,
        2.699550151824951,
        2.695929527282715,
        2.6992502212524414,
        2.6988883018493652,
        2.884979486465454,
        2.770979404449463,
        2.7481279373168945,
        2.7299466133117676,
        2.741262912750244
    ],
    "val_loss": [
        2.740952968597412,
        2.693342924118042,
        2.6821343898773193,
        2.678358554840088,
        2.677525520324707,
        2.678309679031372,
        2.6765925884246826,
        2.6755170822143555,
        2.6756398677825928,
        2.675062894821167,
        2.675431728363037,
        2.6745643615722656,
        2.674631357192993,
        2.6744234561920166,
        2.673924684524536,
        2.673309803009033,
        2.673687219619751,
        2.6735148429870605,
        2.67374587059021,
        2.6736745834350586,
        2.67720890045166,
        2.681889533996582,
        2.679290294647217,
        2.6764330863952637,
        2.6769533157348633
    ]
}