{
    "accuracy": [
        0.2801605761051178,
        0.4234100878238678,
        0.47770971059799194,
        0.503486156463623,
        0.5525037050247192,
        0.5510247349739075,
        0.5736319422721863,
        0.5742657780647278,
        0.5996196866035461,
        0.6089161038398743,
        0.3961546719074249,
        0.45953941345214844,
        0.4948235750198364,
        0.5206000208854675,
        0.5493344664573669
    ],
    "val_accuracy": [
        0.5647359490394592,
        0.6260647177696228,
        0.6643952131271362,
        0.7035775184631348,
        0.7197614908218384,
        0.7069846391677856,
        0.7419080138206482,
        0.7402044534683228,
        0.7265757918357849,
        0.7189096808433533,
        0.7155025601387024,
        0.7010221481323242,
        0.7035775184631348,
        0.7112436294555664,
        0.7265757918357849
    ],
    "loss": [
        2.3160836696624756,
        1.77773118019104,
        1.5931594371795654,
        1.5139176845550537,
        1.4018659591674805,
        1.3586030006408691,
        1.2993851900100708,
        1.2875661849975586,
        1.2194744348526,
        1.1884214878082275,
        1.9902501106262207,
        1.7015089988708496,
        1.5532342195510864,
        1.480973720550537,
        1.3908745050430298
    ],
    "val_loss": [
        1.4953070878982544,
        1.232337474822998,
        1.079019546508789,
        1.0175154209136963,
        0.9180356860160828,
        0.9296620488166809,
        0.8338534832000732,
        0.8723775744438171,
        0.8564499020576477,
        0.8399189710617065,
        0.8888119459152222,
        0.9269052743911743,
        0.9262081980705261,
        0.876028835773468,
        0.858086884021759
    ]
}